{
  "0": {
    "precision": 0.9898348157560356,
    "recall": 0.9974391805377721,
    "f1-score": 0.9936224489795918,
    "support": 781.0
  },
  "1": {
    "precision": 0.8080446037435285,
    "recall": 0.7391621129326047,
    "f1-score": 0.7720700152207002,
    "support": 5490.0
  },
  "2": {
    "precision": 0.17703591299949417,
    "recall": 0.44529262086513993,
    "f1-score": 0.2533478103510677,
    "support": 786.0
  },
  "3": {
    "precision": 0.9055045871559633,
    "recall": 0.8269794721407625,
    "f1-score": 0.8644624479964966,
    "support": 2387.0
  },
  "4": {
    "precision": 0.5794392523364486,
    "recall": 0.9538461538461539,
    "f1-score": 0.7209302325581395,
    "support": 130.0
  },
  "5": {
    "precision": 0.7758505670446965,
    "recall": 0.8554615667524825,
    "f1-score": 0.8137134860941053,
    "support": 2719.0
  },
  "6": {
    "precision": 0.7856204858831254,
    "recall": 0.689029657356752,
    "f1-score": 0.7341616812394539,
    "support": 3473.0
  },
  "7": {
    "precision": 0.5086762518591968,
    "recall": 0.4220485396955985,
    "f1-score": 0.4613309352517986,
    "support": 2431.0
  },
  "8": {
    "precision": 0.6077106518282989,
    "recall": 0.5151617250673854,
    "f1-score": 0.5576221735959154,
    "support": 2968.0
  },
  "9": {
    "precision": 0.5146124523506989,
    "recall": 0.42012448132780084,
    "f1-score": 0.46259280411193604,
    "support": 2892.0
  },
  "10": {
    "precision": 0.4343220338983051,
    "recall": 0.8723404255319149,
    "f1-score": 0.57991513437058,
    "support": 235.0
  },
  "11": {
    "precision": 0.15165876777251186,
    "recall": 0.6274509803921569,
    "f1-score": 0.24427480916030533,
    "support": 51.0
  },
  "12": {
    "precision": 0.9987272495863562,
    "recall": 0.9932911392405064,
    "f1-score": 0.9960017769880053,
    "support": 7900.0
  },
  "13": {
    "precision": 0.9904761904761905,
    "recall": 0.976878612716763,
    "f1-score": 0.9836304110585667,
    "support": 2768.0
  },
  "14": {
    "precision": 0.5203925176326281,
    "recall": 0.634867190422746,
    "f1-score": 0.5719582069430401,
    "support": 2673.0
  },
  "15": {
    "precision": 0.21153846153846154,
    "recall": 0.6470588235294118,
    "f1-score": 0.3188405797101449,
    "support": 17.0
  },
  "accuracy": 0.7498474841516141,
  "macro avg": {
    "precision": 0.6224653001163711,
    "recall": 0.726027042647247,
    "f1-score": 0.6455296846018654,
    "support": 37701.0
  },
  "weighted avg": {
    "precision": 0.7715356535782071,
    "recall": 0.7498474841516141,
    "f1-score": 0.7565231783130498,
    "support": 37701.0
  }
}