{
  "0": {
    "precision": 0.9949044585987261,
    "recall": 1.0,
    "f1-score": 0.9974457215836526,
    "support": 781.0
  },
  "1": {
    "precision": 0.8056017089959648,
    "recall": 0.6182149362477232,
    "f1-score": 0.6995774502731114,
    "support": 5490.0
  },
  "2": {
    "precision": 0.15965008201202843,
    "recall": 0.37150127226463103,
    "f1-score": 0.22332695984703632,
    "support": 786.0
  },
  "3": {
    "precision": 0.9073569482288828,
    "recall": 0.8370339338081274,
    "f1-score": 0.8707779472651994,
    "support": 2387.0
  },
  "4": {
    "precision": 0.7212121212121212,
    "recall": 0.9153846153846154,
    "f1-score": 0.8067796610169492,
    "support": 130.0
  },
  "5": {
    "precision": 0.645684620376379,
    "recall": 0.7318867230599485,
    "f1-score": 0.6860886054128599,
    "support": 2719.0
  },
  "6": {
    "precision": 0.7095864661654135,
    "recall": 0.43478260869565216,
    "f1-score": 0.5391894304588466,
    "support": 3473.0
  },
  "7": {
    "precision": 0.40749306197964846,
    "recall": 0.3624023035787742,
    "f1-score": 0.38362725887219684,
    "support": 2431.0
  },
  "8": {
    "precision": 0.49445041174364485,
    "recall": 0.46529649595687333,
    "f1-score": 0.4794306544002777,
    "support": 2968.0
  },
  "9": {
    "precision": 0.39713055954088955,
    "recall": 0.4785615491009682,
    "f1-score": 0.4340599027755998,
    "support": 2892.0
  },
  "10": {
    "precision": 0.48484848484848486,
    "recall": 0.6808510638297872,
    "f1-score": 0.5663716814159292,
    "support": 235.0
  },
  "11": {
    "precision": 0.016519823788546256,
    "recall": 0.29411764705882354,
    "f1-score": 0.03128258602711158,
    "support": 51.0
  },
  "12": {
    "precision": 0.9978478288390935,
    "recall": 0.9977215189873417,
    "f1-score": 0.9977846699158175,
    "support": 7900.0
  },
  "13": {
    "precision": 0.9891264951069227,
    "recall": 0.9859104046242775,
    "f1-score": 0.9875158313732586,
    "support": 2768.0
  },
  "14": {
    "precision": 0.436289500509684,
    "recall": 0.48035914702581367,
    "f1-score": 0.45726495726495725,
    "support": 2673.0
  },
  "15": {
    "precision": 0.5,
    "recall": 0.5294117647058824,
    "f1-score": 0.5142857142857142,
    "support": 17.0
  },
  "accuracy": 0.6845707010424127,
  "macro avg": {
    "precision": 0.6042314107466519,
    "recall": 0.6364647490205775,
    "f1-score": 0.6046755645117824,
    "support": 37701.0
  },
  "weighted avg": {
    "precision": 0.7247000710859233,
    "recall": 0.6845707010424127,
    "f1-score": 0.6978389239825225,
    "support": 37701.0
  }
}