{
  "0": {
    "precision": 0.9987212276214834,
    "recall": 1.0,
    "f1-score": 0.999360204734485,
    "support": 781.0
  },
  "1": {
    "precision": 0.7925240702284312,
    "recall": 0.7646630236794171,
    "f1-score": 0.7783443033280801,
    "support": 5490.0
  },
  "2": {
    "precision": 0.17663817663817663,
    "recall": 0.3155216284987277,
    "f1-score": 0.2264840182648402,
    "support": 786.0
  },
  "3": {
    "precision": 0.9161490683229814,
    "recall": 0.8651026392961877,
    "f1-score": 0.889894419306184,
    "support": 2387.0
  },
  "4": {
    "precision": 0.8092105263157895,
    "recall": 0.9461538461538461,
    "f1-score": 0.8723404255319149,
    "support": 130.0
  },
  "5": {
    "precision": 0.7755998648191956,
    "recall": 0.8440603162927547,
    "f1-score": 0.8083832335329342,
    "support": 2719.0
  },
  "6": {
    "precision": 0.7811393627293209,
    "recall": 0.6988194644399655,
    "f1-score": 0.7376899696048632,
    "support": 3473.0
  },
  "7": {
    "precision": 0.4979654120040692,
    "recall": 0.40271493212669685,
    "f1-score": 0.4453036161018877,
    "support": 2431.0
  },
  "8": {
    "precision": 0.5752122241086588,
    "recall": 0.5707547169811321,
    "f1-score": 0.5729748012853035,
    "support": 2968.0
  },
  "9": {
    "precision": 0.5093099671412924,
    "recall": 0.4823651452282158,
    "f1-score": 0.4954714970697922,
    "support": 2892.0
  },
  "10": {
    "precision": 0.5616883116883117,
    "recall": 0.7361702127659574,
    "f1-score": 0.6372007366482505,
    "support": 235.0
  },
  "11": {
    "precision": 0.1440677966101695,
    "recall": 0.3333333333333333,
    "f1-score": 0.20118343195266272,
    "support": 51.0
  },
  "12": {
    "precision": 0.9978472837786502,
    "recall": 0.9974683544303797,
    "f1-score": 0.9976577831233778,
    "support": 7900.0
  },
  "13": {
    "precision": 0.9927509967379485,
    "recall": 0.9895231213872833,
    "f1-score": 0.9911344309752126,
    "support": 2768.0
  },
  "14": {
    "precision": 0.5302170283806343,
    "recall": 0.5940890385334829,
    "f1-score": 0.5603387438249824,
    "support": 2673.0
  },
  "15": {
    "precision": 0.3684210526315789,
    "recall": 0.4117647058823529,
    "f1-score": 0.3888888888888889,
    "support": 17.0
  },
  "accuracy": 0.7588392880825442,
  "macro avg": {
    "precision": 0.6517163981097933,
    "recall": 0.6845315299393584,
    "f1-score": 0.6626656565108537,
    "support": 37701.0
  },
  "weighted avg": {
    "precision": 0.7683644538350557,
    "recall": 0.7588392880825442,
    "f1-score": 0.7621702887917376,
    "support": 37701.0
  }
}