{
  "0": {
    "precision": 0.998719590268886,
    "recall": 0.998719590268886,
    "f1-score": 0.998719590268886,
    "support": 781.0
  },
  "1": {
    "precision": 0.7893668081964187,
    "recall": 0.7788706739526412,
    "f1-score": 0.7840836160264051,
    "support": 5490.0
  },
  "2": {
    "precision": 0.1825694966190834,
    "recall": 0.30916030534351147,
    "f1-score": 0.2295701464336325,
    "support": 786.0
  },
  "3": {
    "precision": 0.9141840818141396,
    "recall": 0.8613322161709258,
    "f1-score": 0.8869715271786023,
    "support": 2387.0
  },
  "4": {
    "precision": 0.8013698630136986,
    "recall": 0.9,
    "f1-score": 0.8478260869565217,
    "support": 130.0
  },
  "5": {
    "precision": 0.7720662833953331,
    "recall": 0.8396469290180213,
    "f1-score": 0.8044397463002114,
    "support": 2719.0
  },
  "6": {
    "precision": 0.7787356321839081,
    "recall": 0.7022746904693349,
    "f1-score": 0.7385314155942467,
    "support": 3473.0
  },
  "7": {
    "precision": 0.5007625826131165,
    "recall": 0.4051830522418758,
    "f1-score": 0.44793087767166895,
    "support": 2431.0
  },
  "8": {
    "precision": 0.5833333333333334,
    "recall": 0.589622641509434,
    "f1-score": 0.5864611260053619,
    "support": 2968.0
  },
  "9": {
    "precision": 0.5248148148148148,
    "recall": 0.4899723374827109,
    "f1-score": 0.5067954220314735,
    "support": 2892.0
  },
  "10": {
    "precision": 0.551948051948052,
    "recall": 0.723404255319149,
    "f1-score": 0.6261510128913443,
    "support": 235.0
  },
  "11": {
    "precision": 0.15384615384615385,
    "recall": 0.27450980392156865,
    "f1-score": 0.19718309859154928,
    "support": 51.0
  },
  "12": {
    "precision": 0.9982258268913953,
    "recall": 0.9970886075949367,
    "f1-score": 0.9976568931669939,
    "support": 7900.0
  },
  "13": {
    "precision": 0.9934687953555879,
    "recall": 0.9891618497109826,
    "f1-score": 0.9913106444605359,
    "support": 2768.0
  },
  "14": {
    "precision": 0.5381756756756757,
    "recall": 0.5959595959595959,
    "f1-score": 0.5655955973726255,
    "support": 2673.0
  },
  "15": {
    "precision": 0.4666666666666667,
    "recall": 0.4117647058823529,
    "f1-score": 0.4375,
    "support": 17.0
  },
  "accuracy": 0.7624466194530649,
  "macro avg": {
    "precision": 0.6592658535397664,
    "recall": 0.6791669534278705,
    "f1-score": 0.6654204250593787,
    "support": 37701.0
  },
  "weighted avg": {
    "precision": 0.7701027584550704,
    "recall": 0.7624466194530649,
    "f1-score": 0.7650134880812182,
    "support": 37701.0
  }
}