{
  "0": {
    "precision": 0.9991534913345866,
    "recall": 0.9999712116009023,
    "f1-score": 0.9995621842279437,
    "support": 486307.0
  },
  "1": {
    "precision": 0.9997923501806554,
    "recall": 0.9990455243391293,
    "f1-score": 0.9994187977416141,
    "support": 48194.0
  },
  "2": {
    "precision": 1.0,
    "recall": 1.0,
    "f1-score": 1.0,
    "support": 51866.0
  },
  "3": {
    "precision": 0.9998496240601503,
    "recall": 0.9478260869565217,
    "f1-score": 0.9731430662275887,
    "support": 7015.0
  },
  "4": {
    "precision": 0.9999284385286962,
    "recall": 1.0,
    "f1-score": 0.9999642179840412,
    "support": 27946.0
  },
  "5": {
    "precision": 0.9999741421663693,
    "recall": 1.0,
    "f1-score": 0.9999870709160256,
    "support": 38672.0
  },
  "accuracy": 0.9993545454545455,
  "macro avg": {
    "precision": 0.999783007711743,
    "recall": 0.9911404704827588,
    "f1-score": 0.9953458895162023,
    "support": 660000.0
  },
  "weighted avg": {
    "precision": 0.9993549616921487,
    "recall": 0.9993545454545455,
    "f1-score": 0.9993472353265621,
    "support": 660000.0
  }
}