{
  "0": {
    "precision": 0.9964474473396866,
    "recall": 0.98589713352455,
    "f1-score": 0.9911442153127187,
    "support": 394317.0
  },
  "1": {
    "precision": 0.5104022191400832,
    "recall": 0.9411764705882353,
    "f1-score": 0.6618705035971223,
    "support": 391.0
  },
  "2": {
    "precision": 0.997387099290227,
    "recall": 0.9988283538371412,
    "f1-score": 0.9981072062754893,
    "support": 25605.0
  },
  "3": {
    "precision": 0.8005029337803856,
    "recall": 0.9276347741622146,
    "f1-score": 0.859392575928009,
    "support": 2059.0
  },
  "4": {
    "precision": 0.9901330736773775,
    "recall": 0.9942205323193917,
    "f1-score": 0.992172593235039,
    "support": 46025.0
  },
  "5": {
    "precision": 0.936,
    "recall": 0.4254545454545455,
    "f1-score": 0.585,
    "support": 1100.0
  },
  "6": {
    "precision": 0.8517350157728707,
    "recall": 0.6988783433994823,
    "f1-score": 0.7677725118483413,
    "support": 1159.0
  },
  "7": {
    "precision": 1.0,
    "recall": 0.9974795211090107,
    "f1-score": 0.9987381703470032,
    "support": 1587.0
  },
  "8": {
    "precision": 0.5,
    "recall": 0.5,
    "f1-score": 0.5,
    "support": 2.0
  },
  "9": {
    "precision": 0.9984262377639986,
    "recall": 0.9987405938100186,
    "f1-score": 0.9985833910470314,
    "support": 31761.0
  },
  "10": {
    "precision": 0.9923986486486487,
    "recall": 0.9957627118644068,
    "f1-score": 0.994077834179357,
    "support": 1180.0
  },
  "11": {
    "precision": 0.08446866485013624,
    "recall": 0.10299003322259136,
    "f1-score": 0.09281437125748503,
    "support": 301.0
  },
  "12": {
    "precision": 0.0007331378299120235,
    "recall": 0.75,
    "f1-score": 0.00146484375,
    "support": 4.0
  },
  "13": {
    "precision": 0.07692307692307693,
    "recall": 0.038461538461538464,
    "f1-score": 0.05128205128205128,
    "support": 130.0
  },
  "accuracy": 0.9852537770385328,
  "macro avg": {
    "precision": 0.6953969682154575,
    "recall": 0.7396803251252233,
    "f1-score": 0.6780300191471177,
    "support": 505621.0
  },
  "weighted avg": {
    "precision": 0.9936200777287495,
    "recall": 0.9852537770385328,
    "f1-score": 0.989115458509978,
    "support": 505621.0
  }
}