{
  "0": {
    "precision": 0.9997645536869341,
    "recall": 0.979945069576001,
    "f1-score": 0.9897556021449329,
    "support": 394317.0
  },
  "1": {
    "precision": 0.3853211009174312,
    "recall": 0.9667519181585678,
    "f1-score": 0.5510204081632653,
    "support": 391.0
  },
  "2": {
    "precision": 0.9950208114521336,
    "recall": 0.9989845733255224,
    "f1-score": 0.9969987527284067,
    "support": 25605.0
  },
  "3": {
    "precision": 0.7901184156798693,
    "recall": 0.9397765905779505,
    "f1-score": 0.8584738243123337,
    "support": 2059.0
  },
  "4": {
    "precision": 0.9130105900151286,
    "recall": 0.9965453557848996,
    "f1-score": 0.9529508315932724,
    "support": 46025.0
  },
  "5": {
    "precision": 0.9230769230769231,
    "recall": 0.4690909090909091,
    "f1-score": 0.6220614828209765,
    "support": 1100.0
  },
  "6": {
    "precision": 0.8885281385281385,
    "recall": 0.7083692838654012,
    "f1-score": 0.7882861257801248,
    "support": 1159.0
  },
  "7": {
    "precision": 1.0,
    "recall": 0.9974795211090107,
    "f1-score": 0.9987381703470032,
    "support": 1587.0
  },
  "8": {
    "precision": 1.0,
    "recall": 0.5,
    "f1-score": 0.6666666666666666,
    "support": 2.0
  },
  "9": {
    "precision": 0.9987401971591446,
    "recall": 0.9984257422625232,
    "f1-score": 0.998582944955284,
    "support": 31761.0
  },
  "10": {
    "precision": 0.9824414715719063,
    "recall": 0.9957627118644068,
    "f1-score": 0.9890572390572391,
    "support": 1180.0
  },
  "11": {
    "precision": 0.0595903165735568,
    "recall": 0.10631229235880399,
    "f1-score": 0.07637231503579953,
    "support": 301.0
  },
  "12": {
    "precision": 0.000998003992015968,
    "recall": 0.75,
    "f1-score": 0.0019933554817275745,
    "support": 4.0
  },
  "13": {
    "precision": 0.020942408376963352,
    "recall": 0.03076923076923077,
    "f1-score": 0.024922118380062305,
    "support": 130.0
  },
  "accuracy": 0.9809976247030879,
  "macro avg": {
    "precision": 0.7112537807878676,
    "recall": 0.7455866570530877,
    "f1-score": 0.6797057026762209,
    "support": 505621.0
  },
  "weighted avg": {
    "precision": 0.9889534145614033,
    "recall": 0.9809976247030879,
    "f1-score": 0.9844167071295127,
    "support": 505621.0
  }
}