{
  "0": {
    "precision": 0.9991534895953187,
    "recall": 0.9999691552866811,
    "f1-score": 0.9995611560403737,
    "support": 486307.0
  },
  "1": {
    "precision": 0.9997923501806554,
    "recall": 0.9990455243391293,
    "f1-score": 0.9994187977416141,
    "support": 48194.0
  },
  "2": {
    "precision": 1.0,
    "recall": 1.0,
    "f1-score": 1.0,
    "support": 51866.0
  },
  "3": {
    "precision": 0.9995490078171978,
    "recall": 0.9478260869565217,
    "f1-score": 0.9730006585205239,
    "support": 7015.0
  },
  "4": {
    "precision": 0.9999642179840412,
    "recall": 1.0,
    "f1-score": 0.9999821086719267,
    "support": 27946.0
  },
  "5": {
    "precision": 0.9999741421663693,
    "recall": 1.0,
    "f1-score": 0.9999870709160256,
    "support": 38672.0
  },
  "accuracy": 0.9993530303030304,
  "macro avg": {
    "precision": 0.9997388679572636,
    "recall": 0.991140127763722,
    "f1-score": 0.9953249653150774,
    "support": 660000.0
  },
  "weighted avg": {
    "precision": 0.9993532802132039,
    "recall": 0.9993530303030304,
    "f1-score": 0.9993457216421472,
    "support": 660000.0
  }
}