{
  "0": {
    "precision": 0.9963710006946431,
    "recall": 0.9894247521664042,
    "f1-score": 0.9928857275555584,
    "support": 394317.0
  },
  "1": {
    "precision": 0.5491071428571429,
    "recall": 0.9437340153452686,
    "f1-score": 0.6942615239887112,
    "support": 391.0
  },
  "2": {
    "precision": 0.9980477900983914,
    "recall": 0.9983206404999023,
    "f1-score": 0.9981841966534549,
    "support": 25605.0
  },
  "3": {
    "precision": 0.8704710144927537,
    "recall": 0.9334628460417679,
    "f1-score": 0.9008671197562691,
    "support": 2059.0
  },
  "4": {
    "precision": 0.9900955915672269,
    "recall": 0.9969364475828354,
    "f1-score": 0.9935042438939893,
    "support": 46025.0
  },
  "5": {
    "precision": 0.9132743362831859,
    "recall": 0.4690909090909091,
    "f1-score": 0.6198198198198198,
    "support": 1100.0
  },
  "6": {
    "precision": 0.9460390355912744,
    "recall": 0.7109577221742882,
    "f1-score": 0.8118226600985222,
    "support": 1159.0
  },
  "7": {
    "precision": 0.9993686868686869,
    "recall": 0.9974795211090107,
    "f1-score": 0.9984232103437402,
    "support": 1587.0
  },
  "8": {
    "precision": 0.5,
    "recall": 1.0,
    "f1-score": 0.6666666666666666,
    "support": 2.0
  },
  "9": {
    "precision": 0.9984576644633302,
    "recall": 0.9987405938100186,
    "f1-score": 0.9985991090963466,
    "support": 31761.0
  },
  "10": {
    "precision": 0.9932375316990701,
    "recall": 0.9957627118644068,
    "f1-score": 0.9944985188319933,
    "support": 1180.0
  },
  "11": {
    "precision": 0.09142857142857143,
    "recall": 0.10631229235880399,
    "f1-score": 0.09831029185867896,
    "support": 301.0
  },
  "12": {
    "precision": 0.0010463899546564353,
    "recall": 0.75,
    "f1-score": 0.0020898641588296763,
    "support": 4.0
  },
  "13": {
    "precision": 0.16666666666666666,
    "recall": 0.03076923076923077,
    "f1-score": 0.05194805194805195,
    "support": 130.0
  },
  "accuracy": 0.9883766694816869,
  "macro avg": {
    "precision": 0.7152579587618284,
    "recall": 0.780070834486632,
    "f1-score": 0.7015629289050451,
    "support": 505621.0
  },
  "weighted avg": {
    "precision": 0.9941012576590607,
    "recall": 0.9883766694816869,
    "f1-score": 0.9909744750748294,
    "support": 505621.0
  }
}