{
  "0": {
    "precision": 0.9991534234978404,
    "recall": 0.999891015346273,
    "f1-score": 0.9995220833466087,
    "support": 486307.0
  },
  "1": {
    "precision": 0.9992113892001826,
    "recall": 0.9990455243391293,
    "f1-score": 0.9991284498858685,
    "support": 48194.0
  },
  "2": {
    "precision": 0.9997879599822658,
    "recall": 1.0,
    "f1-score": 0.9998939687496988,
    "support": 51866.0
  },
  "3": {
    "precision": 0.9995490078171978,
    "recall": 0.9478260869565217,
    "f1-score": 0.9730006585205239,
    "support": 7015.0
  },
  "4": {
    "precision": 0.9999642179840412,
    "recall": 1.0,
    "f1-score": 0.9999821086719267,
    "support": 27946.0
  },
  "5": {
    "precision": 1.0,
    "recall": 1.0,
    "f1-score": 1.0,
    "support": 38672.0
  },
  "accuracy": 0.9992954545454545,
  "macro avg": {
    "precision": 0.9996109997469212,
    "recall": 0.9911271044403206,
    "f1-score": 0.9952545448624378,
    "support": 660000.0
  },
  "weighted avg": {
    "precision": 0.9992956610153602,
    "recall": 0.9992954545454545,
    "f1-score": 0.999288155320421,
    "support": 660000.0
  }
}