{
  "0": {
    "precision": 0.9997854898068891,
    "recall": 0.9810507789418158,
    "f1-score": 0.9903295381090439,
    "support": 394317.0
  },
  "1": {
    "precision": 0.5169606512890095,
    "recall": 0.9744245524296675,
    "f1-score": 0.675531914893617,
    "support": 391.0
  },
  "2": {
    "precision": 0.9979700979818089,
    "recall": 0.9984378051161883,
    "f1-score": 0.9982038967631096,
    "support": 25605.0
  },
  "3": {
    "precision": 0.847032967032967,
    "recall": 0.935891209324915,
    "f1-score": 0.889247808029534,
    "support": 2059.0
  },
  "4": {
    "precision": 0.9902669572911497,
    "recall": 0.9969799022270505,
    "f1-score": 0.9936120915528031,
    "support": 46025.0
  },
  "5": {
    "precision": 0.8902654867256637,
    "recall": 0.4572727272727273,
    "f1-score": 0.6042042042042042,
    "support": 1100.0
  },
  "6": {
    "precision": 0.9255079006772009,
    "recall": 0.7075064710957722,
    "f1-score": 0.8019559902200489,
    "support": 1159.0
  },
  "7": {
    "precision": 0.9993686868686869,
    "recall": 0.9974795211090107,
    "f1-score": 0.9984232103437402,
    "support": 1587.0
  },
  "8": {
    "precision": 0.4,
    "recall": 1.0,
    "f1-score": 0.5714285714285714,
    "support": 2.0
  },
  "9": {
    "precision": 0.8902226959106972,
    "recall": 0.9993388117502597,
    "f1-score": 0.9416302009938441,
    "support": 31761.0
  },
  "10": {
    "precision": 0.9949195596951735,
    "recall": 0.9957627118644068,
    "f1-score": 0.9953409572215163,
    "support": 1180.0
  },
  "11": {
    "precision": 0.07785888077858881,
    "recall": 0.10631229235880399,
    "f1-score": 0.0898876404494382,
    "support": 301.0
  },
  "12": {
    "precision": 0.0008955223880597015,
    "recall": 0.75,
    "f1-score": 0.0017889087656529517,
    "support": 4.0
  },
  "13": {
    "precision": 0.04395604395604396,
    "recall": 0.03076923076923077,
    "f1-score": 0.03619909502262444,
    "support": 130.0
  },
  "accuracy": 0.9818935526807628,
  "macro avg": {
    "precision": 0.6839293528858528,
    "recall": 0.7808018581614178,
    "f1-score": 0.6848417162855533,
    "support": 505621.0
  },
  "weighted avg": {
    "precision": 0.9897233775112766,
    "recall": 0.9818935526807628,
    "f1-score": 0.9852873880923368,
    "support": 505621.0
  }
}