{
  "0": {
    "precision": 0.999153477420243,
    "recall": 0.9999547610871322,
    "f1-score": 0.999553958668207,
    "support": 486307.0
  },
  "1": {
    "precision": 0.999730072049999,
    "recall": 0.9990455243391293,
    "f1-score": 0.9993876809714078,
    "support": 48194.0
  },
  "2": {
    "precision": 0.9999807199182524,
    "recall": 1.0,
    "f1-score": 0.9999903598661949,
    "support": 51866.0
  },
  "3": {
    "precision": 0.9995490078171978,
    "recall": 0.9478260869565217,
    "f1-score": 0.9730006585205239,
    "support": 7015.0
  },
  "4": {
    "precision": 0.9998568872987478,
    "recall": 1.0,
    "f1-score": 0.9999284385286962,
    "support": 27946.0
  },
  "5": {
    "precision": 0.9999741421663693,
    "recall": 1.0,
    "f1-score": 0.9999870709160256,
    "support": 38672.0
  },
  "accuracy": 0.9993424242424243,
  "macro avg": {
    "precision": 0.9997073844451349,
    "recall": 0.9911377287304638,
    "f1-score": 0.9953080279118426,
    "support": 660000.0
  },
  "weighted avg": {
    "precision": 0.9993426638539548,
    "recall": 0.9993424242424243,
    "f1-score": 0.9993351161344316,
    "support": 660000.0
  }
}